{
  "count": 24,
  "min": [
    -1.0,
    -1.0,
    -1.0
  ],
  "max": [
    1.0,
    1.0,
    1.000001
  ],
  "mean": [
    -1.2500000001747225e-07,
    0.0,
    2.4999999999793704e-07
  ],
  "std": [
    0.9999998750000467,
    1.0,
    1.0000000000000937
  ]
}