{
  "minmax": {
    "mse_per_axis": [
      4.772812132450314e-07,
      0.0,
      1.4318451973117976e-06
    ],
    "mae_per_axis": [
      0.00024425427663733734,
      0.0,
      0.0007328881964809436
    ],
    "mse": 6.363754701856097e-07,
    "mae": 0.00032571415770609363
  },
  "unit_sphere": {
    "mse_per_axis": [
      1.9093711893567456e-06,
      1.909615334380553e-06,
      1.909615521880444e-06
    ],
    "mae_per_axis": [
      0.0009772675953079873,
      0.000977267595308029,
      0.0009772675953079873
    ],
    "mse": 1.909534015205914e-06,
    "mae": 0.0009772675953080012
  },
  "rotation_invariance_test": {
    "uniform_mean_mse": 1.9471930840693306e-06,
    "uniform_std_mse": 4.857615972274108e-07,
    "adaptive_mean_mse": 3.1127824914743857e-06,
    "adaptive_std_mse": 1.1014102578863308e-06,
    "uniform_raw": [
      2.590687780851823e-06,
      1.1814457483628134e-06,
      2.0135875487494046e-06,
      2.2695699144503756e-06,
      1.6806744279322378e-06
    ],
    "adaptive_raw": [
      4.285744241975969e-06,
      1.300556758442197e-06,
      3.2671234662222973e-06,
      4.150267613586517e-06,
      2.5602203771449495e-06
    ]
  }
}